Whale ID,Start Time (UTC),State,Sonar before EOE?,MFAS RL,MFAS cSEL,Echosounder Present?,Impulsive Sounds Present?,Orca Sounds Present?,Duration (hours),Foraging Dive Duration (hours),N Non-foraging Dives,Longest Non-foraging Dive (hours),Surface Time (hours),Echolocation Clicking Duration (minutes),Maximum Dive Depth (km),Distance Traveled (km)
Zica-20191012-144029,2019-10-12T18:46:51Z,Typical,No,None,0,No,No,No,2.9,1.2,4,0.4,0.2,30.7,1.5,1.4
Zica-20191012-144029,2019-10-12T21:39:22Z,Variant,No,None,0,No,No,No,5.6,1.3,10,0.7,0.3,36.6,1.2,1.8
Zica-20191012-144029,2019-10-13T03:18:12Z,Variant,No,None,0,No,No,No,2.2,1.2,2,0.5,0.1,30.1,1,0.8
Zica-20191012-144029,2019-10-13T05:32:07Z,Variant,No,None,0,No,No,No,5.7,1.4,6,0.8,0.3,25.7,0.9,1
Zica-20191012-144029,2019-10-13T11:14:32Z,Variant,No,None,0,No,No,No,2,1.3,1,0.5,0.1,14.3,0.9,2.7
Zica-20191012-144029,2019-10-13T13:12:13Z,Typical,No,None,0,Yes,No,No,3.8,1.6,6,0.4,0.2,32.4,1.3,1.6
Zica-20191012-144029,2019-10-13T17:03:06Z,Variant,No,136.5,145.9,No,No,No,19.1,1.4,28,1.4,1,39,1.3,0.6
Zica-20191012-144029,2019-10-14T12:07:16Z,Typical,No,None,0,No,No,No,3.7,1.2,9,0.6,0.2,21.7,1.2,1.1
Zica-20191012-144029,2019-10-14T15:52:10Z,Typical,No,None,0,No,No,No,3.8,1.4,7,0.4,0.2,35.6,1.5,1.3
Zica-20191012-144029,2019-10-14T19:37:45Z,Typical,No,None,0,No,No,No,3.7,1.5,7,0.3,0.2,36.6,1.7,1.6
Zica-20191012-144029,2019-10-14T23:16:59Z,Variant,No,None,0,No,No,No,2.8,1.2,6,0.3,0.3,27.9,1.6,3.5
Zica-20191012-144029,2019-10-15T02:04:23Z,Typical,No,None,0,No,No,No,2.3,1.2,3,0.3,0.2,26.5,1.7,2
Zica-20191012-144029,2019-10-15T04:20:37Z,Typical,No,None,0,No,No,No,3,1.1,4,0.5,0.3,29,1.7,2.7
Zica-20191012-144029,2019-10-15T07:19:13Z,Variant,No,None,0,No,No,No,4.6,1.4,1,0.2,1.6,58.5,1.4,3.1
Zica-20191012-144029,2019-10-15T11:55:02Z,Variant,No,None,0,No,No,No,1.5,0.8,2,0.4,0.3,15,0.7,5.9
Zica-20191012-144029,2019-10-15T13:24:34Z,Variant,No,None,0,No,No,No,3.3,0.9,7,0.4,0.2,19.2,0.9,3.9
Zica-20191012-144029,2019-10-15T16:40:00Z,Typical,No,None,0,No,No,No,2.3,1.1,4,0.3,0.2,30.7,1.1,3.5
Zica-20191012-144029,2019-10-15T19:00:27Z,Typical,No,106.4,117.2,No,No,No,2.7,1.2,5,0.4,0.2,37.4,1.5,3.2
Zica-20191012-144029,2019-10-15T21:44:03Z,Typical,No,None,0,No,No,No,3.4,1.2,6,0.4,0.2,28.9,1.5,3.6
Zica-20191012-144029,2019-10-16T01:05:08Z,Variant,No,None,0,No,No,No,2.8,1.3,3,0.8,0.1,30.9,1.6,2.8
Zica-20191012-144029,2019-10-16T03:52:56Z,Variant,No,None,0,No,No,No,3.5,1.1,2,0.8,0.5,25.8,1.6,2.9
Zica-20191012-144029,2019-10-16T07:20:53Z,Variant,No,None,0,No,No,No,1.7,1.4,1,0.1,0.2,24.5,1.8,3.5
Zica-20191012-144029,2019-10-16T09:03:12Z,Variant,No,None,0,No,No,No,2.3,1.7,1,0.4,0.2,20.4,1.8,2.1
Zica-20191012-144029,2019-10-16T11:24:09Z,Variant,No,None,0,No,No,No,1.5,1.2,0,NA,0.2,18.2,1.9,3.1
Zica-20191012-144029,2019-10-16T12:55:30Z,Variant,No,None,0,No,No,No,3.7,1.2,8,0.4,0.2,26.8,2,2.8
Zica-20191012-144029,2019-10-16T16:38:31Z,Variant,No,None,0,No,No,No,4.4,1.4,9,0.4,0.3,33.5,2,2.7
Zica-20191012-144029,2019-10-16T21:02:09Z,Variant,No,None,0,No,No,No,3,1.1,6,0.3,0.2,34.8,1.2,3.1
Zica-20191012-144029,2019-10-17T00:03:42Z,Variant,No,None,0,No,No,No,1.9,1,3,0.2,0.2,24.1,1.5,3
Zica-20191012-144029,2019-10-17T01:58:51Z,Variant,No,None,0,No,No,No,3,0.9,4,0.5,0.2,15.3,1.4,2
Zica-20191012-144029,2019-10-17T04:56:43Z,Variant,No,None,0,No,No,No,1.9,1.1,1,0.5,0.3,31.3,1.7,3.2
Zica-20191012-144029,2019-10-17T06:53:04Z,Variant,No,None,0,No,No,No,2.9,1.6,1,0.5,0.6,43.3,1.8,3.1
Zica-20191012-144029,2019-10-17T09:46:41Z,Variant,No,None,0,No,No,No,1.7,1.3,0,NA,0.3,35.3,1.7,3.8
Zica-20191012-144029,2019-10-17T11:26:54Z,Variant,No,None,0,No,No,No,2.5,1.3,6,0.2,0.3,25.1,1.6,1.6
Zica-20191012-144029,2019-10-17T13:56:52Z,Variant,No,None,0,No,No,No,2.6,1.1,7,0.3,0.2,24.4,1.6,1.2
Zica-20191012-144029,2019-10-17T16:30:51Z,Typical,No,None,0,No,No,No,3.3,1.2,8,0.3,0.2,31.1,1,0.7
Zica-20191012-144029,2019-10-17T19:50:04Z,Typical,No,None,0,No,No,No,2.5,1.2,5,0.3,0.2,37.5,1.6,1.5
Zica-20191012-144029,2019-10-17T22:22:02Z,Typical,No,None,0,No,No,No,NA,1.2,NA,NA,NA,40.4,1.8,NA
Zica-20191012-145101,2019-10-12T20:58:41Z,Variant,No,None,0,No,No,No,1.2,0.8,1,0.3,0.1,18,1.3,2.3
Zica-20191012-145101,2019-10-12T22:12:21Z,Variant,No,None,0,No,No,No,2.5,0.8,4,0.5,0.2,19.4,1.2,2.1
Zica-20191012-145101,2019-10-13T00:44:13Z,Typical,No,None,0,No,No,No,4.2,1.1,8,0.4,0.3,38.1,1.5,0.3
Zica-20191012-145101,2019-10-13T04:53:57Z,Typical,No,None,0,No,No,No,4,1.2,6,0.5,0.2,36.6,1.5,0.7
Zica-20191012-145101,2019-10-13T08:51:45Z,Typical,No,None,0,No,No,No,3.3,1.1,7,0.3,0.2,30.3,1.5,1.2
Zica-20191012-145101,2019-10-13T12:07:33Z,Typical,No,None,0,No,No,No,3.5,1.2,6,0.4,0.2,37.1,1.5,0.2
Zica-20191012-145101,2019-10-13T15:36:56Z,Typical,No,None,0,No,No,No,2.3,1.1,3,0.4,0.1,33,1.5,0.8
Zica-20191012-145101,2019-10-13T17:57:13Z,Typical,No,95.1,102.6,No,No,No,2.6,1.1,4,0.4,0.2,32.6,1.5,1.4
Zica-20191012-145101,2019-10-13T20:36:10Z,Typical,Yes,147.9,145.1,No,No,No,2.3,1,4,0.3,0.2,28.2,1.4,0.9
Zica-20191012-145101,2019-10-13T22:53:17Z,Variant,Yes,136,138.8,No,No,No,6.3,1.1,11,0.6,0.4,29.4,1.5,1.3
Zica-20191012-145101,2019-10-14T05:12:39Z,Variant,No,None,0,No,Yes,No,2.7,1.4,3,0.3,0.2,35.2,1.5,2.2
Zica-20191012-145101,2019-10-14T07:55:46Z,Typical,No,None,0,No,Yes,No,2.2,1.2,3,0.3,0.1,43.7,1.5,1
Zica-20191012-145101,2019-10-14T10:08:51Z,Typical,No,None,0,No,Yes,No,2.7,1,2,0.4,0.3,28.8,1.5,2.4
Zica-20191012-145101,2019-10-14T12:51:55Z,Typical,No,None,0,No,Yes,No,3.3,1,6,0.4,0.2,26,1.3,1.3
Zica-20191012-145101,2019-10-14T16:11:24Z,Typical,No,None,0,No,Yes,No,2.1,1,3,0.4,0.1,27.2,1.2,1.4
Zica-20191012-145101,2019-10-14T18:14:56Z,Typical,No,None,0,No,No,No,2.5,1.2,4,0.3,0.2,35.4,1.5,0.5
Zica-20191012-145101,2019-10-14T20:46:16Z,Typical,No,None,0,Yes,Yes,No,3.4,1.1,6,0.4,0.2,30.4,1.4,0.3
Zica-20191012-145101,2019-10-15T00:13:00Z,Variant,No,None,0,Yes,Yes,No,4.1,0.7,3,0.3,1.6,3.5,0.8,4.1
Zica-20191012-145101,2019-10-15T04:19:01Z,Typical,No,None,0,No,Yes,No,3,1.3,3,0.4,0.3,34.3,1.3,1.4
Zica-20191012-145101,2019-10-15T07:16:16Z,Variant,No,None,0,No,No,No,3.4,1.2,1,0.3,0.5,30.3,1.4,2.9
Zica-20191012-145101,2019-10-15T10:42:44Z,Variant,No,None,0,No,Yes,No,2.3,0.8,1,0.3,0.2,19.9,0.9,3.2
Zica-20191012-145101,2019-10-15T12:58:49Z,Variant,No,None,0,No,No,No,1.8,1,2,0.3,0.1,27.9,1.1,1.7
Zica-20191012-145101,2019-10-15T14:44:48Z,Variant,No,None,0,No,No,No,2.2,0.9,4,0.3,0.1,21.6,1.1,1.3
Zica-20191012-145101,2019-10-15T16:59:48Z,Typical,No,None,0,No,Yes,No,2.7,1.1,4,0.3,0.2,31.3,1.4,0.7
Zica-20191012-145101,2019-10-15T19:44:07Z,Typical,No,None,0,No,No,No,2.9,1.1,5,0.4,0.3,27.4,1.3,1.6
Zica-20191012-145101,2019-10-15T22:37:12Z,Variant,No,None,0,No,Yes,No,6.2,1.1,10,0.5,0.9,31.3,1.4,0.5
Zica-20191012-145101,2019-10-16T04:50:03Z,Typical,No,None,0,No,Yes,No,3.8,1.2,6,0.4,0.2,33,1.3,0.7
Zica-20191012-145101,2019-10-16T08:38:23Z,Typical,No,None,0,No,Yes,No,2.8,1.1,4,0.4,0.2,27.5,1.1,1
Zica-20191012-145101,2019-10-16T11:27:21Z,Typical,No,None,0,No,Yes,No,2.9,1,6,0.4,0.2,28.6,1.3,1
Zica-20191012-145101,2019-10-16T14:22:29Z,Typical,No,None,0,No,No,No,3.5,1.1,6,0.5,0.2,27.3,1.2,1.5
Zica-20191012-145101,2019-10-16T17:50:04Z,Typical,No,140.1,148.8,No,No,No,4.1,1.2,7,0.5,0.2,34.8,1.3,1.1
Zica-20191012-145101,2019-10-16T21:53:49Z,Typical,No,None,0,No,Yes,No,2.1,1.1,4,0.3,0.1,25,1.5,0.6
Zica-20191012-145101,2019-10-16T23:59:45Z,Typical,No,None,0,No,Yes,No,2.9,1.3,4,0.3,0.3,36,1.5,1.1
Zica-20191012-145101,2019-10-17T02:54:01Z,Typical,No,None,0,No,Yes,No,3,1.1,4,0.5,0.2,34.4,1.5,0.5
Zica-20191012-145101,2019-10-17T05:53:16Z,Typical,No,None,0,No,Yes,No,3,1.1,4,0.4,0.3,36,1.4,0.9
Zica-20191012-145101,2019-10-17T08:55:31Z,Variant,Yes,107.4,122.2,No,No,No,3.5,1.1,2,0.3,1.6,29.6,1.4,5.7
Zica-20191012-145101,2019-10-17T12:26:56Z,Variant,No,None,0,No,No,No,1.9,0.9,3,0.4,0.2,21.7,1.1,2.3
Zica-20191012-145101,2019-10-17T14:21:53Z,Variant,No,None,0,No,No,No,2,0.9,3,0.3,0.2,18.6,1.2,1.5
Zica-20191012-145101,2019-10-17T16:23:04Z,Variant,No,None,0,No,No,No,2.9,0.9,5,0.4,0.3,24.6,1.1,3
Zica-20191012-145101,2019-10-17T19:17:00Z,Variant,No,None,0,No,No,No,2.2,0.9,3,0.4,0.2,23.9,1,3.6
Zica-20191012-145101,2019-10-17T21:28:56Z,Variant,No,None,0,No,No,No,1.7,0.9,2,0.4,0.1,20.5,1.1,2
Zica-20191012-145101,2019-10-17T23:11:29Z,Variant,No,None,0,No,No,No,NA,0.9,NA,NA,NA,26.2,1.2,NA
Zica-20191111-94810,2019-11-12T00:37:49Z,Typical,No,None,0,No,No,No,2.5,1.1,4,0.6,0.2,35.3,1.6,1.4
Zica-20191111-94810,2019-11-12T03:09:32Z,Typical,No,None,0,No,No,No,2.5,1.3,3,0.5,0.1,33.5,1.5,2
Zica-20191111-94810,2019-11-12T05:42:22Z,Typical,No,None,0,No,Yes,No,2.8,1.4,3,0.4,0.2,34.5,1.6,1.1
Zica-20191111-94810,2019-11-12T08:27:50Z,Variant,No,None,0,No,Yes,No,1.7,1.4,1,0.2,0.1,32.8,1.6,0.1
Zica-20191111-94810,2019-11-12T10:09:44Z,Variant,No,None,0,No,No,No,2.4,1.3,3,0.5,0.2,21,1.6,2
Zica-20191111-94810,2019-11-12T12:35:04Z,Variant,No,None,0,No,No,No,2.4,1.1,4,0.3,0.2,19.2,1.7,1.5
Zica-20191111-94810,2019-11-12T14:58:11Z,Typical,No,None,0,No,No,No,3.6,1.3,6,0.4,0.2,35.7,1.7,1.7
Zica-20191111-94810,2019-11-12T18:36:08Z,Typical,No,None,0,No,No,No,2.6,1.3,4,0.3,0.2,46,1.7,1.5
Zica-20191111-94810,2019-11-12T21:10:10Z,Typical,No,None,0,No,No,No,2.1,1.1,3,0.3,0.2,41.4,1.7,1.3
Zica-20191111-94810,2019-11-12T23:17:11Z,Variant,No,None,0,No,No,No,4.1,1.1,7,0.4,0.6,37.7,1.6,2
Zica-20191111-94810,2019-11-13T03:22:10Z,Variant,No,None,0,No,Yes,No,3.6,0.9,7,0.5,0.4,30.4,1.2,1
Zica-20191111-94810,2019-11-13T07:00:16Z,Variant,No,None,0,No,Yes,No,0.7,0.7,0,NA,0,14.3,1,1.8
Zica-20191111-94810,2019-11-13T07:44:39Z,Variant,No,None,0,Yes,No,No,5.2,0.9,11,0.5,0.5,13.3,1,1.2
Zica-20191111-94810,2019-11-13T12:55:59Z,Variant,No,None,0,No,No,No,3.2,0.7,5,0.6,0.2,14,1,2.5
Zica-20191111-94810,2019-11-13T16:07:03Z,Typical,No,None,0,No,No,No,3.3,1.1,5,0.5,0.2,26.5,1.2,1.9
Zica-20191111-94810,2019-11-13T19:22:08Z,Typical,No,None,0,No,No,No,2.7,1.1,4,0.4,0.2,32,1.3,1.8
Zica-20191111-94810,2019-11-13T22:03:50Z,Typical,No,None,0,No,No,No,2.6,1.1,5,0.3,0.2,37.2,1,1.1
Zica-20191111-94810,2019-11-14T00:41:54Z,Typical,No,None,0,No,No,No,2.8,1.1,4,0.4,0.3,36.1,1.5,0.4
Zica-20191111-94810,2019-11-14T03:28:12Z,Typical,No,None,0,No,No,No,3.1,1.2,4,0.4,0.2,31.4,1.5,0.5
Zica-20191111-94810,2019-11-14T06:36:11Z,Typical,No,None,0,No,No,No,3.1,1.3,4,0.4,0.2,37.3,1.5,0.8
Zica-20191111-94810,2019-11-14T09:44:12Z,Typical,No,None,0,No,No,No,3.4,1.3,4,0.4,0.3,38.3,1.5,0.5
Zica-20191111-94810,2019-11-14T13:06:04Z,Typical,No,None,0,Yes,No,No,4.6,1.2,8,0.5,0.3,33.1,1.5,0.1
Zica-20191111-94810,2019-11-14T17:39:37Z,Typical,No,None,0,No,No,No,2.7,1.4,3,0.4,0.2,33,1.5,0
Zica-20191111-94810,2019-11-14T20:23:18Z,Typical,No,None,0,No,No,No,2.6,1.3,3,0.4,0.2,33,1.5,1.8
Zica-20191111-94810,2019-11-14T23:00:48Z,Typical,Yes,103.4,110.6,No,No,No,2.6,1.1,3,0.4,0.2,24.9,1.1,1.6
Zica-20191111-94810,2019-11-15T01:37:36Z,Variant,No,141.2,137.2,No,No,No,9.2,1,13,1.2,0.7,31.1,1.5,1.3
Zica-20191111-94810,2019-11-15T10:46:51Z,Typical,No,None,0,No,No,No,3,1.3,5,0.4,0.2,36.2,1.5,1.1
Zica-20191111-94810,2019-11-15T13:49:06Z,Typical,No,None,0,Yes,No,No,2.7,1.4,3,0.5,0.2,40.5,1.6,1.7
Zica-20191111-94810,2019-11-15T16:31:54Z,Typical,No,None,0,No,No,No,3.8,1.3,6,0.6,0.2,39.5,1.5,1.8
Zica-20191111-94810,2019-11-15T20:17:48Z,Typical,No,None,0,No,No,No,1.9,1,2,0.4,0.2,27,1,2.2
Zica-20191111-94810,2019-11-15T22:09:36Z,Typical,No,None,0,No,No,No,1.9,1,2,0.4,0.1,36.7,1,3.6
Zica-20191111-94810,2019-11-16T00:06:20Z,Typical,No,None,0,No,No,No,4.3,1.3,6,0.5,0.3,40.5,1.5,1.2
Zica-20191111-94810,2019-11-16T04:23:21Z,Typical,No,97.5,108,No,No,No,3.4,1.1,5,0.5,0.2,26.4,1.5,2.3
Zica-20191111-94810,2019-11-16T07:49:35Z,Typical,Yes,119.9,125.6,No,No,No,2.9,1.2,5,0.4,0.2,37.8,1.4,1.8
Zica-20191111-94810,2019-11-16T10:42:57Z,Typical,No,None,0,No,No,No,4.5,1.3,7,0.6,0.3,41,1.6,0.9
Zica-20191111-94810,2019-11-16T15:10:21Z,Typical,No,None,0,No,No,No,2.6,1.3,3,0.4,0.2,38.7,1.4,2.3
Zica-20191111-94810,2019-11-16T17:46:06Z,Typical,No,None,0,No,No,No,2.1,1.2,2,0.4,0.1,37.9,1.5,2.5
Zica-20191111-94810,2019-11-16T19:50:46Z,Typical,No,None,0,No,No,No,3.4,1.1,5,0.4,0.3,39,1.1,1.9
Zica-20191111-94810,2019-11-16T23:12:16Z,Typical,No,None,0,No,No,No,NA,1.4,NA,NA,NA,42,1.5,NA
Zica-20191117-195993,2019-11-17T20:12:57Z,Variant,No,None,0,No,No,No,2.7,0.7,4,0.5,0.2,20,0.8,4.1
Zica-20191117-195993,2019-11-17T22:53:53Z,Typical,No,None,0,No,No,No,NA,1.3,NA,NA,NA,47.2,1.4,NA
Zica-20211112-94819,2021-11-12T22:03:22Z,Typical,No,None,0,No,No,No,2.5,1.2,3,0.4,0.2,37.5,1.7,3.1
Zica-20211112-94819,2021-11-13T00:31:32Z,Typical,No,None,0,No,No,No,2.9,1.2,4,0.4,0.2,40.4,1.7,1.6
Zica-20211112-94819,2021-11-13T03:23:50Z,Typical,No,None,0,No,No,No,4,1.2,7,0.4,0.3,40.9,1.8,0.9
Zica-20211112-94819,2021-11-13T07:22:40Z,Typical,No,None,0,No,No,No,2.4,1.2,3,0.4,0.2,42.9,1.8,1.9
Zica-20211112-94819,2021-11-13T09:44:30Z,Typical,No,None,0,No,No,No,3,1.1,4,0.4,0.3,39.4,1.8,1.3
Zica-20211112-94819,2021-11-13T12:46:01Z,Typical,No,None,0,No,No,No,3.4,1.1,6,0.4,0.2,37.5,1.7,0.7
Zica-20211112-94819,2021-11-13T16:12:39Z,Typical,No,None,0,No,No,No,3.5,1.1,6,0.4,0.3,39.3,1.7,1
Zica-20211112-94819,2021-11-13T19:43:27Z,Typical,No,None,0,No,No,No,3.9,1.1,6,0.5,0.3,39.3,1.7,0
Zica-20211112-94819,2021-11-13T23:35:46Z,Typical,No,None,0,No,No,No,3,1.2,5,0.3,0.2,41.4,1.7,0.4
Zica-20211112-94819,2021-11-14T02:36:12Z,Typical,No,None,0,No,No,No,2.7,1.1,4,0.4,0.2,41,1.7,1.2
Zica-20211112-94819,2021-11-14T05:19:12Z,Typical,No,None,0,No,No,No,3.4,1.1,6,0.4,0.3,39.5,1.7,1.2
Zica-20211112-94819,2021-11-14T08:44:06Z,Typical,No,None,0,No,No,No,4.7,1.2,8,0.6,0.4,37.1,1.7,1.2
Zica-20211112-94819,2021-11-14T13:26:53Z,Typical,No,None,0,No,No,No,3,1,4,0.5,0.2,26.6,1.1,1.7
Zica-20211112-94819,2021-11-14T16:25:03Z,Typical,No,None,0,No,No,No,3,1.1,4,0.5,0.2,39.3,1.7,1.1
Zica-20211112-94819,2021-11-14T19:24:33Z,Typical,No,None,0,No,No,No,3,1.2,4,0.5,0.2,44.3,1.7,1.4
Zica-20211112-94819,2021-11-14T22:21:35Z,Typical,No,None,0,No,No,No,3.2,1.1,5,0.4,0.2,40,1.7,1
Zica-20211112-94819,2021-11-15T01:34:14Z,Typical,No,None,0,No,No,No,2.8,1,5,0.4,0.2,40.2,1.7,1.5
Zica-20211112-94819,2021-11-15T04:24:21Z,Typical,No,None,0,No,No,No,2.7,1,4,0.4,0.2,39.1,1.7,1
Zica-20211112-94819,2021-11-15T07:05:27Z,Typical,Yes,89.2,87.7,No,No,No,2.8,1,5,0.3,0.3,38.5,1.7,1.9
Zica-20211112-94819,2021-11-15T09:53:35Z,Typical,No,81.8,80.9,No,No,No,2.9,1.1,5,0.4,0.3,42.9,1.7,1.2
Zica-20211112-94819,2021-11-15T12:47:35Z,Typical,No,None,0,No,No,No,4.4,1.2,7,0.5,0.3,41.2,1.7,1
Zica-20211112-94819,2021-11-15T17:09:42Z,Variant,No,None,0,No,No,No,3,1.3,4,0.5,0.2,9.4,1.7,2.2
Zica-20211112-94819,2021-11-15T20:06:51Z,Typical,No,None,0,No,No,No,4.3,1.3,8,0.4,0.3,38.9,0.7,2.2
Zica-20211112-94819,2021-11-16T00:24:40Z,Typical,No,None,0,No,No,No,3.2,1,7,0.3,0.3,31.4,1.7,0.9
Zica-20211112-94819,2021-11-16T03:37:25Z,Typical,No,None,0,No,No,No,3.2,1.1,5,0.4,0.2,28.4,1.7,1
Zica-20211112-94819,2021-11-16T06:48:34Z,Variant,No,None,0,No,No,No,2.7,1,6,0.3,0.2,32.4,1.7,2.4
Zica-20211112-94819,2021-11-16T09:28:12Z,Variant,No,None,0,No,No,No,0.8,0.7,0,NA,0.1,30.9,1.8,3.3
Zica-20211112-94819,2021-11-16T10:16:46Z,Variant,No,None,0,No,No,No,2.7,0.6,6,0.5,0.4,2.4,1.1,1.9
Zica-20211112-94819,2021-11-16T13:00:48Z,Typical,No,None,0,No,No,No,4.3,1,8,0.5,0.3,30.6,1.8,1.3
Zica-20211112-94819,2021-11-16T17:16:23Z,Typical,No,None,0,No,No,No,4.7,1,9,0.5,0.4,31.1,1.8,1.4
Zica-20211112-94819,2021-11-16T21:55:32Z,Typical,Yes,122.6,118.1,No,No,No,2.6,1,4,0.4,0.2,26.1,1.1,2.4
Zica-20211112-94819,2021-11-17T00:34:28Z,Typical,Yes,124.9,123.9,No,No,No,2.7,1,5,0.4,0.3,32.5,1.6,1.6
Zica-20211112-94819,2021-11-17T03:19:22Z,Typical,No,None,0,No,No,No,2.7,0.9,5,0.5,0.2,27.5,1.1,0.7
Zica-20211112-94819,2021-11-17T06:03:24Z,Variant,Yes,140.3,136.1,No,No,No,1.9,0.9,3,0.3,0.6,28.9,1.2,3.9
Zica-20211112-94819,2021-11-17T07:59:25Z,Variant,No,None,0,No,No,No,2.3,1,3,0.4,0.3,5.7,1.6,3.5
Zica-20211112-94819,2021-11-17T10:15:54Z,Variant,No,None,0,No,No,No,2.6,1,5,0.4,0.3,26.4,0.8,1.3
Zica-20211112-94819,2021-11-17T12:53:57Z,Variant,No,None,0,No,No,No,3.8,1,8,0.5,0.3,27.8,1.1,1.6
Zica-20211112-94819,2021-11-17T16:41:19Z,Variant,No,None,0,No,No,No,3.8,1,6,0.5,0.4,34.8,1.6,1.8
Zica-20211112-94819,2021-11-17T20:32:17Z,Typical,No,None,0,No,No,No,3.8,1.3,5,0.6,0.3,39.3,1.6,1.7
Zica-20211112-94819,2021-11-18T00:22:29Z,Typical,No,None,0,No,No,No,3.7,1.4,5,0.5,0.3,40.3,1.6,0.4
Zica-20211112-94819,2021-11-18T04:03:51Z,Typical,No,None,0,No,No,No,3.4,1.6,4,0.5,0.2,42.4,1.7,1.1
Zica-20211112-94819,2021-11-18T07:27:39Z,Typical,No,None,0,No,No,No,3.2,1.3,4,0.5,0.2,37.9,1.8,1.3
Zica-20211112-94819,2021-11-18T10:42:02Z,Typical,No,None,0,No,No,No,4.5,1.5,6,0.6,0.3,30.6,1.8,0.6
Zica-20211112-94819,2021-11-18T15:12:32Z,Typical,No,None,0,No,No,No,2.7,1.3,3,0.4,0.2,41.8,1.8,0.9
Zica-20211112-94819,2021-11-18T17:52:40Z,Typical,No,88.9,87.4,No,No,No,3,1.1,5,0.4,0.2,41.3,1.8,1.6
Zica-20211112-94819,2021-11-18T20:52:08Z,Typical,Yes,118.3,116.2,No,No,No,4.7,1.2,7,0.5,0.4,36.1,1.8,2.4
Zica-20211112-94819,2021-11-19T01:35:09Z,Typical,No,None,0,No,No,No,4,1.4,5,0.6,0.3,35.7,1.7,1.2
Zica-20211112-94819,2021-11-19T05:37:29Z,Typical,No,105.5,108,No,No,No,3.2,1.5,4,0.4,0.2,39.2,1.7,0.2
Zica-20211112-94819,2021-11-19T08:51:47Z,Typical,No,None,0,No,No,No,3.6,1.2,4,0.6,0.3,39.9,1.6,0.8
Zica-20211112-94819,2021-11-19T12:25:24Z,Typical,No,None,0,No,No,No,4.5,1.4,6,0.6,0.3,39.2,1.8,1.9
Zica-20211112-94819,2021-11-19T16:54:31Z,Typical,No,None,0,No,No,No,3.4,1.4,4,0.5,0.2,38.9,1.5,3.3
Zica-20211112-94819,2021-11-19T20:17:49Z,Typical,No,None,0,No,No,No,NA,1.1,NA,NA,NA,35.6,1,NA
Zica-20211113-195993,2021-11-13T19:40:02Z,Variant,No,None,0,No,No,No,0.8,0.8,0,NA,0.1,25.5,1.5,1.9
Zica-20211113-195993,2021-11-13T20:30:26Z,Variant,No,None,0,No,No,No,2.7,1,4,0.5,0.2,25.4,1.5,1
Zica-20211113-195993,2021-11-13T23:14:02Z,Variant,No,None,0,No,No,No,1.4,1,1,0.3,0.1,27.8,1.6,0.8
Zica-20211113-195993,2021-11-14T00:35:36Z,Variant,No,None,0,No,No,No,1.9,0.9,3,0.3,0.1,24,1.6,0.9
Zica-20211113-195993,2021-11-14T02:26:36Z,Variant,No,None,0,No,No,No,1,0.8,1,0.2,0.1,27.6,1.6,1.3
Zica-20211113-195993,2021-11-14T03:29:22Z,Typical,No,None,0,No,No,No,2.5,0.9,4,0.4,0.2,32.5,0.7,2.3
Zica-20211113-195993,2021-11-14T05:57:22Z,Typical,No,None,0,No,No,No,2.4,0.8,4,0.4,0.2,30,0.8,1
Zica-20211113-195993,2021-11-14T08:22:24Z,Variant,No,None,0,No,No,No,0.8,0.7,0,NA,0.1,26.4,1.1,2.5
Zica-20211113-195993,2021-11-14T09:07:35Z,Variant,No,None,0,No,No,No,1.2,0.5,2,0.3,0.1,14.1,0.7,0.1
Zica-20211113-195993,2021-11-14T10:18:20Z,Variant,No,None,0,No,No,No,0.6,0.5,0,NA,0.1,16.9,1.1,0.6
Zica-20211113-195993,2021-11-14T10:55:09Z,Variant,No,None,0,No,No,No,1.8,0.6,3,0.4,0.2,15,1.2,1
Zica-20211113-195993,2021-11-14T12:40:46Z,Variant,No,None,0,No,No,No,0.7,0.6,0,NA,0.1,18.3,1.1,2.3
Zica-20211113-195993,2021-11-14T13:20:24Z,Variant,No,None,0,No,No,No,3.6,0.8,6,0.5,0.2,18.6,1.1,0.9
Zica-20211113-195993,2021-11-14T16:54:31Z,Variant,No,None,0,No,No,No,1.4,1,1,0.3,0.1,28.6,1.1,1.4
Zica-20211113-195993,2021-11-14T18:18:35Z,Variant,No,None,0,No,No,No,1.8,1,2,0.4,0.1,19.8,1.1,1.4
Zica-20211113-195993,2021-11-14T20:09:00Z,Variant,No,None,0,No,No,No,1.3,0.8,1,0.4,0.1,19,1.1,1.4
Zica-20211113-195993,2021-11-14T21:27:53Z,Variant,No,None,0,No,No,No,3.1,0.9,5,0.4,0.2,24.7,1.2,1.9
Zica-20211113-195993,2021-11-15T00:32:31Z,Variant,No,None,0,No,No,No,1.1,0.8,1,0.2,0.1,27.6,1.1,2.2
Zica-20211113-195993,2021-11-15T01:39:34Z,Variant,No,None,0,No,No,No,2.5,0.6,5,0.5,0.3,20.8,1.1,1.1
Zica-20211113-195993,2021-11-15T04:08:14Z,Variant,No,None,0,No,No,No,1.8,0.8,2,0.4,0.2,23.9,0.8,4.1
Zica-20211113-195993,2021-11-15T05:53:51Z,Variant,No,None,0,No,No,No,1.3,0.8,1,0.4,0.1,27.4,0.7,1
Zica-20211113-195993,2021-11-15T07:11:27Z,Variant,No,None,0,No,No,No,2.5,0.8,4,0.5,0.2,26,0.8,2.3
Zica-20211113-195993,2021-11-15T09:44:17Z,Variant,No,None,0,No,No,No,3.4,0.8,6,0.4,0.3,29,1.1,2
Zica-20211113-195993,2021-11-15T13:09:07Z,Variant,No,None,0,No,No,No,4,1.1,7,0.6,0.3,26.5,1,0.6
Zica-20211113-195993,2021-11-15T17:08:14Z,Variant,No,None,0,No,No,No,3.1,1.1,4,0.6,0.3,22.9,0.9,2.1
Zica-20211113-195993,2021-11-15T20:15:47Z,Variant,No,None,0,No,No,No,2.6,0.4,7,0.4,0.3,5.5,0.9,5.3
Zica-20211113-195993,2021-11-15T22:50:35Z,Variant,No,None,0,No,No,No,0.9,0.6,1,0.2,0.1,11.7,0.6,4.6
Zica-20211113-195993,2021-11-15T23:41:58Z,Variant,No,None,0,No,No,No,1.2,0.8,1,0.3,0.1,19.7,0.8,4.2
Zica-20211113-195993,2021-11-16T00:53:00Z,Variant,No,None,0,No,No,No,0.8,0.6,1,0.1,0.1,14.5,1,3.5
Zica-20211113-195993,2021-11-16T01:38:19Z,Variant,No,None,0,No,No,No,0.5,0.5,0,NA,0,8.4,1,3.7
Zica-20211113-195993,2021-11-16T02:09:30Z,Variant,No,None,0,No,No,No,0.9,0.7,1,0.2,0.1,20.9,1,3.5
Zica-20211113-195993,2021-11-16T03:04:06Z,Variant,No,None,0,No,No,No,1.7,0.6,4,0.3,0.2,17.6,0.7,2.6
Zica-20211113-195993,2021-11-16T04:49:01Z,Variant,No,None,0,No,No,No,1.9,1,3,0.3,0.2,28.2,1.5,1.5
Zica-20211113-195993,2021-11-16T06:40:13Z,Variant,No,None,0,No,No,No,2.8,1.2,4,0.4,0.2,39.2,0.8,1.8
Zica-20211113-195993,2021-11-16T09:25:56Z,Variant,No,None,0,No,No,No,2.7,1.1,5,0.4,0.2,34.1,1.8,2.4
Zica-20211113-195993,2021-11-16T12:09:42Z,Variant,No,None,0,No,No,No,4.6,1.2,10,0.6,0.2,31.8,1.8,1.9
Zica-20211113-195993,2021-11-16T16:43:22Z,Variant,No,None,0,No,No,No,3.6,1,8,0.4,0.2,25.3,1.7,2.2
Zica-20211113-195993,2021-11-16T20:17:20Z,Variant,No,107.9,115.6,No,No,No,3.4,0.8,6,0.5,0.2,17.2,0.9,2
Zica-20211113-195993,2021-11-16T23:44:01Z,Variant,No,None,0,No,No,No,2.3,0.9,5,0.3,0.1,20,1,1.3
Zica-20211113-195993,2021-11-17T02:00:50Z,Variant,No,None,0,No,No,No,1,0.6,1,0.3,0.1,15.2,1,0.8
Zica-20211113-195993,2021-11-17T03:00:50Z,Variant,No,None,0,No,No,No,1.2,0.7,2,0.2,0.1,21.6,0.7,2.1
Zica-20211113-195993,2021-11-17T04:13:44Z,Variant,No,None,0,No,No,No,1.5,0.7,3,0.3,0.1,19.9,0.7,2.8
Zica-20211113-195993,2021-11-17T05:44:48Z,Variant,No,None,0,No,No,No,1.1,0.6,2,0.3,0.1,14.4,0.7,3.3
Zica-20211113-195993,2021-11-17T06:51:47Z,Variant,Yes,118.2,125.7,No,No,No,1.9,0.6,4,0.3,0.1,21,0.8,3.1
Zica-20211113-195993,2021-11-17T08:47:44Z,Typical,No,None,0,No,No,No,3.1,1.2,5,0.4,0.2,27.2,0.7,1.4
Zica-20211113-195993,2021-11-17T11:51:09Z,Variant,No,None,0,No,No,No,1.4,1.1,1,0.2,0.1,26.6,1.1,2.2
Zica-20211113-195993,2021-11-17T13:14:01Z,Variant,No,None,0,No,No,No,3.3,0.8,5,0.5,0.2,22.1,1,1
Zica-20211113-195993,2021-11-17T16:29:47Z,Variant,No,None,0,No,No,No,1.8,0.9,2,0.5,0.1,25.3,1,1.7
Zica-20211113-195993,2021-11-17T18:20:32Z,Variant,No,None,0,No,No,No,1.8,1,2,0.4,0.1,23.8,1.1,3
Zica-20211113-195993,2021-11-17T20:11:11Z,Variant,No,None,0,No,No,No,NA,1,NA,NA,NA,19.2,1,NA
Zica-20220112-195994,2022-01-12T18:45:25Z,Typical,No,77.6,71.3,No,No,No,1.9,1,2,0.4,0.1,36.6,1.4,1.6
Zica-20220112-195994,2022-01-12T20:38:10Z,Typical,No,76.3,69.9,No,No,No,3,1,5,0.4,0.2,42.1,1.3,0.7
Zica-20220112-195994,2022-01-12T23:37:05Z,Typical,No,None,0,No,No,No,3,1,4,0.6,0.2,40.9,1.5,1
Zica-20220112-195994,2022-01-13T02:39:34Z,Typical,No,None,0,No,No,No,2,1,2,0.5,0.1,40.3,1.4,0.2
Zica-20220112-195994,2022-01-13T04:39:56Z,Typical,No,None,0,No,No,No,1.5,1,1,0.4,0.1,38.7,1.5,2.6
Zica-20220112-195994,2022-01-13T06:09:22Z,Typical,No,None,0,No,No,No,1.9,0.9,2,0.5,0.2,37,1.5,0.5
Zica-20220112-195994,2022-01-13T08:06:20Z,Typical,No,None,0,No,No,No,2.2,0.9,3,0.4,0.2,37.1,1.6,0.4
Zica-20220112-195994,2022-01-13T10:17:09Z,Typical,No,None,0,No,No,No,2,0.9,2,0.4,0.2,38,1.4,0.8
Zica-20220112-195994,2022-01-13T12:16:52Z,Typical,No,None,0,No,No,No,2.2,1,2,0.4,0.2,32.1,1.5,0.8
Zica-20220112-195994,2022-01-13T14:31:30Z,Typical,No,None,0,No,No,No,3.4,1.3,5,0.5,0.2,40.8,1.6,1.1
Zica-20220112-195994,2022-01-13T17:56:47Z,Typical,No,102.8,107.8,No,No,No,3.6,1.3,5,0.5,0.2,44.8,1.6,0.3
Zica-20220112-195994,2022-01-13T21:32:29Z,Typical,Yes,119.1,125.2,No,No,No,3.7,1,5,0.6,0.2,40.5,1.6,1.3
Zica-20220112-195994,2022-01-14T01:16:49Z,Typical,No,None,0,No,No,No,3.5,1.3,4,0.5,0.2,42,1.7,0.8
Zica-20220112-195994,2022-01-14T04:44:14Z,Typical,No,None,0,No,No,No,3.5,1.4,4,0.6,0.2,45.4,1.6,0.9
Zica-20220112-195994,2022-01-14T08:16:59Z,Typical,No,None,0,No,No,No,2.4,1.2,3,0.4,0.1,37.4,1.6,1.1
Zica-20220112-195994,2022-01-14T10:40:06Z,Typical,No,None,0,No,No,No,1.8,1.2,2,0.3,0.1,38.3,1.4,1.7
Zica-20220112-195994,2022-01-14T12:30:49Z,Typical,No,None,0,No,No,No,1.4,1,1,0.4,0.1,37.8,1.1,1.2
Zica-20220112-195994,2022-01-14T13:57:27Z,Typical,No,None,0,No,No,No,4.1,1,6,0.5,0.2,28.7,1.5,1.1
Zica-20220112-195994,2022-01-14T18:02:47Z,Typical,No,None,0,No,No,No,4.2,1.3,6,0.7,0.2,43,1.6,1.1
Zica-20220112-195994,2022-01-14T22:16:27Z,Typical,No,None,0,No,No,No,3.5,1.3,4,0.6,0.2,37.7,1.1,0.5
Zica-20220112-195994,2022-01-15T01:47:33Z,Typical,No,None,0,No,No,No,2.2,1.4,2,0.4,0.1,36.1,1.7,1.2
Zica-20220112-195994,2022-01-15T04:02:12Z,Typical,No,None,0,No,No,No,2,1.2,2,0.3,0.1,36.9,1.7,1.5
Zica-20220112-195994,2022-01-15T06:03:56Z,Variant,No,139,143.9,No,No,No,16.9,1.2,24,1,1.6,40,1.7,0.7
Zica-20220112-195994,2022-01-15T23:00:12Z,Typical,No,None,0,No,No,No,3.1,1.3,3,0.6,0.1,31.6,1.6,2.6
Zica-20220112-195994,2022-01-16T02:05:32Z,Typical,No,None,0,No,No,No,2.3,1.3,2,0.5,0.1,31,1.6,2.6
Zica-20220112-195994,2022-01-16T04:26:04Z,Typical,No,None,0,No,No,No,1.7,1.2,1,0.4,0.1,26.5,1.7,2.1
Zica-20220112-195994,2022-01-16T06:07:13Z,Typical,No,None,0,No,No,No,2.7,1.3,3,0.5,0.2,41.7,1.7,2.1
Zica-20220112-195994,2022-01-16T08:50:31Z,Typical,No,None,0,No,No,No,2.3,1.2,2,0.5,0.2,42.4,1.7,2.6
Zica-20220112-195994,2022-01-16T11:09:17Z,Typical,No,None,0,No,No,No,2.4,1.3,2,0.4,0.2,39.8,1.8,1.5
Zica-20220112-195994,2022-01-16T13:35:07Z,Typical,No,None,0,No,No,No,3.9,1.1,5,0.6,0.2,35,1.8,1
Zica-20220112-195994,2022-01-16T17:26:19Z,Typical,No,None,0,No,No,No,2.7,1.3,3,0.5,0.2,44.7,1.8,0.7
Zica-20220112-195994,2022-01-16T20:10:43Z,Typical,No,None,0,No,No,No,3.3,1.2,4,0.5,0.2,41.1,1.8,0.3
Zica-20220112-195994,2022-01-16T23:27:19Z,Typical,No,None,0,No,No,No,3.9,1.4,6,0.5,0.3,51.4,1.8,0.7
Zica-20220112-195994,2022-01-17T03:18:28Z,Typical,No,None,0,No,No,No,3.3,1.3,5,0.5,0.2,45.6,1.8,0.9
Zica-20220112-195994,2022-01-17T06:35:23Z,Typical,No,None,0,No,No,No,2.5,1.2,3,0.5,0.1,42.7,1.8,0.9
Zica-20220112-195994,2022-01-17T09:06:09Z,Typical,No,None,0,No,No,No,3.9,1.2,6,0.5,0.4,37,1.8,0.4
Zica-20220112-195994,2022-01-17T13:02:07Z,Variant,No,None,0,No,No,Yes,8.1,1.3,10,1.6,0.3,40.4,1.8,0.8
Zica-20220112-195994,2022-01-17T21:09:42Z,Typical,No,None,0,No,No,No,3.4,1.3,4,0.6,0.2,40.3,1.8,1.4
Zica-20220112-195994,2022-01-18T00:34:35Z,Typical,No,None,0,No,No,No,2,1.2,2,0.3,0.1,45.7,1.8,1.8
Zica-20220112-195994,2022-01-18T02:33:16Z,Typical,No,None,0,No,No,No,2.2,1,3,0.4,0.1,32,1.8,0.3
Zica-20220112-195994,2022-01-18T04:46:27Z,Typical,No,None,0,No,No,No,2,1,2,0.4,0.1,36.9,1.8,1.2
Zica-20220112-195994,2022-01-18T06:45:52Z,Typical,No,None,0,No,No,No,1.9,1.1,2,0.4,0.1,35.4,1.8,1
Zica-20220112-195994,2022-01-18T08:41:00Z,Typical,No,None,0,No,No,No,5.1,1.2,7,0.8,0.3,33,1.8,1.7
Zica-20220112-195994,2022-01-18T13:48:52Z,Typical,No,None,0,No,No,No,2.7,1.3,3,0.5,0.1,39.2,1.8,0.6
Zica-20220112-195994,2022-01-18T16:33:08Z,Typical,No,None,0,No,No,No,2.6,1.3,3,0.5,0.1,38.9,1.8,2.3
Zica-20220112-195994,2022-01-18T19:10:52Z,Typical,No,None,0,No,No,No,3.8,1.3,5,0.5,0.2,35.8,1.1,1.1
Zica-20220112-195994,2022-01-18T22:59:37Z,Typical,No,None,0,No,No,No,3.6,1.4,5,0.5,0.2,40.8,1.7,0.5
Zica-20220112-195994,2022-01-19T02:37:23Z,Typical,No,None,0,No,No,No,2.9,1.2,4,0.4,0.3,42.2,1.7,1.6
Zica-20220112-195994,2022-01-19T05:28:34Z,Typical,No,None,0,No,No,No,2.6,1.1,2,0.6,0.3,35.7,1.8,0.2
Zica-20220112-195994,2022-01-19T08:07:15Z,Typical,No,None,0,No,No,No,2.9,1.2,4,0.5,0.2,40,1.8,1.2
Zica-20220112-195994,2022-01-19T11:02:01Z,Typical,No,None,0,No,No,No,NA,1.2,NA,NA,NA,39.6,1.7,NA
Zica-20230518-233391,2023-05-18T21:15:43Z,Typical,No,None,0,No,No,No,2.4,1.1,3,0.4,0.2,37.3,1.6,1.7
Zica-20230518-233391,2023-05-18T23:37:42Z,Typical,No,None,0,No,No,No,2.4,1,3,0.4,0.2,34.9,1.6,0.9
Zica-20230518-233391,2023-05-19T02:00:05Z,Typical,No,None,0,No,Yes,No,2.1,1.1,3,0.3,0.2,33.9,1.6,1.4
Zica-20230518-233391,2023-05-19T04:04:22Z,Variant,No,None,0,No,Yes,No,1.7,0.9,2,0.3,0.2,36,1.6,1.1
Zica-20230518-233391,2023-05-19T05:44:09Z,Variant,No,None,0,No,Yes,No,1.7,0.9,1,0.3,0.2,32.3,1.6,1.4
Zica-20230518-233391,2023-05-19T07:26:29Z,Variant,No,None,0,No,No,No,2.2,0.9,4,0.3,0.2,35.7,1.4,0.9
Zica-20230518-233391,2023-05-19T09:38:13Z,Variant,No,None,0,No,No,No,1.5,0.8,1,0.2,0.2,31.2,1.2,0.7
Zica-20230518-233391,2023-05-19T11:09:41Z,Variant,No,None,0,No,No,No,7.4,1,12,0.9,0.4,38.2,1.1,1.2
Zica-20230518-233391,2023-05-19T18:34:43Z,Typical,No,None,0,No,No,No,2.5,0.9,3,0.5,0.2,18.9,1,0.2
Zica-20230518-233391,2023-05-19T21:04:02Z,Typical,No,None,0,No,No,No,3.4,1.2,4,0.6,0.2,45.8,1,1.1
Zica-20230518-233391,2023-05-20T00:26:24Z,Typical,No,None,0,No,Yes,No,3.5,1.1,5,0.5,0.2,43.9,1.3,1.2
Zica-20230518-233391,2023-05-20T03:58:23Z,Typical,No,None,0,No,Yes,No,2.3,1.2,3,0.4,0.2,45.8,1.3,1.3
Zica-20230518-233391,2023-05-20T06:14:06Z,Typical,No,None,0,No,Yes,No,1.9,1.2,2,0.4,0.2,39.3,1.1,0.3
Zica-20230518-233391,2023-05-20T08:08:16Z,Typical,No,None,0,No,No,No,2.7,1.1,3,0.4,0.2,40.6,1.2,1
Zica-20230518-233391,2023-05-20T10:50:28Z,Typical,No,None,0,No,No,No,3.8,1.1,6,0.5,0.2,35.1,1.1,0.1
Zica-20230518-233391,2023-05-20T14:40:17Z,Typical,No,None,0,No,No,No,2.9,1.5,3,0.5,0.2,49.7,1,0.6
Zica-20230518-233391,2023-05-20T17:36:56Z,Typical,No,None,0,No,No,No,2.3,1.4,2,0.4,0.1,41.5,0.9,1.2
Zica-20230518-233391,2023-05-20T19:57:04Z,Typical,No,None,0,No,No,No,3.7,1.2,5,0.5,0.2,44.1,1.1,1.2
Zica-20230518-233391,2023-05-20T23:37:26Z,Variant,No,None,0,No,Yes,No,7,1.5,12,0.7,0.5,42.5,1.5,2.4
Zica-20230518-233391,2023-05-21T06:36:06Z,Variant,No,None,0,No,No,No,1.6,1.1,1,0.2,0.1,28,1.8,3.4
Zica-20230518-233391,2023-05-21T08:11:45Z,Variant,No,None,0,No,No,No,1.7,1,1,0.2,0.2,38.1,1.1,3.6
Zica-20230518-233391,2023-05-21T09:52:08Z,Variant,No,None,0,No,No,No,2.3,1.1,3,0.2,0.3,31.7,1.3,3.4
Zica-20230518-233391,2023-05-21T12:09:40Z,Typical,No,None,0,No,No,No,3.8,1.1,6,0.5,0.2,39.5,1.2,0
Zica-20230518-233391,2023-05-21T15:54:56Z,Variant,No,None,0,No,No,No,6.1,1.1,10,0.7,0.3,33.7,1.1,2
Zica-20230518-233391,2023-05-21T21:58:11Z,Variant,No,None,0,No,No,No,1.7,1.1,2,0.3,0.1,29,1.7,0.7
Zica-20230518-233391,2023-05-21T23:37:24Z,Typical,No,None,0,No,No,No,3.4,1.1,4,0.6,0.3,35.8,1.6,2.1
Zica-20230518-233391,2023-05-22T02:58:40Z,Variant,No,None,0,No,No,No,2.8,0.7,6,0.5,0.4,23,1.8,0.6
Zica-20230518-233391,2023-05-22T05:44:22Z,Typical,No,None,0,No,No,No,2.5,1.3,3,0.3,0.2,46.1,1.8,1.4
Zica-20230518-233391,2023-05-22T08:12:52Z,Typical,No,None,0,No,No,No,5.4,1.2,8,0.6,0.3,33.3,1.8,1
Zica-20230518-233391,2023-05-22T13:39:03Z,Typical,No,None,0,No,No,No,3.1,1.1,5,0.4,0.2,32.4,1.7,1
Zica-20230518-233391,2023-05-22T16:45:29Z,Typical,No,None,0,No,No,No,3,1.1,4,0.5,0.2,31.6,1.7,1.6
Zica-20230518-233391,2023-05-22T19:45:07Z,Variant,No,None,0,No,No,No,5,1.3,8,0.6,0.3,36.5,1.8,3.1
Zica-20230518-233391,2023-05-23T00:43:40Z,Variant,No,None,0,No,No,No,1.7,1.2,2,0.3,0.1,37.1,1.1,2.6
Zica-20230518-233391,2023-05-23T02:24:22Z,Variant,No,None,0,No,Yes,No,1.5,0.9,3,0.2,0.1,26.7,1.1,2.5
Zica-20230518-233391,2023-05-23T03:52:29Z,Variant,No,None,0,No,No,No,1.9,0.9,2,0.3,0.2,32.6,1.3,0.5
Zica-20230518-233391,2023-05-23T05:46:35Z,Variant,No,None,0,No,No,No,1.4,0.9,2,0.2,0.1,32.9,1.2,2.6
Zica-20230518-233391,2023-05-23T07:11:12Z,Variant,No,None,0,No,Yes,No,1.9,1,3,0.3,0.1,31.3,1.1,0.4
Zica-20230518-233391,2023-05-23T09:05:11Z,Typical,No,None,0,No,No,No,2.5,1,4,0.4,0.2,20.6,1.1,1.8
Zica-20230518-233391,2023-05-23T11:35:49Z,Typical,No,None,0,No,No,No,4.3,1,8,0.6,0.2,28.8,1.3,1.4
Zica-20230518-233391,2023-05-23T15:51:54Z,Typical,No,None,0,No,No,No,2.6,1.1,4,0.4,0.1,38.2,1.1,0.8
Zica-20230518-233391,2023-05-23T18:25:50Z,Typical,No,None,0,No,No,No,3.7,1.4,6,0.4,0.2,56.3,1.1,1.1
Zica-20230518-233391,2023-05-23T22:08:45Z,Typical,No,None,0,No,No,No,2.9,1.2,4,0.5,0.2,26.6,1,1.9
Zica-20230518-233391,2023-05-24T01:02:36Z,Typical,No,104.4,112.2,No,Yes,No,2.3,1,3,0.4,0.2,28.2,0.9,1.2
Zica-20230518-233391,2023-05-24T03:22:02Z,Variant,Yes,120.9,126.7,No,Yes,No,1.6,1.1,1,0.5,0.1,4.7,0.9,2.3
Zica-20230518-233391,2023-05-24T04:57:39Z,Variant,Yes,120.7,129.4,No,Yes,No,1.7,1,2,0.3,0.1,25.8,1.1,1.4
Zica-20230518-233391,2023-05-24T06:42:08Z,Variant,No,None,0,No,Yes,No,1.3,0.9,0,NA,0.4,29.6,1,2.6
Zica-20230518-233391,2023-05-24T08:02:51Z,Variant,No,None,0,No,Yes,No,2.3,1.5,1,0.4,0.4,42,1.2,2.3
Zica-20230518-233391,2023-05-24T10:20:38Z,Variant,No,None,0,No,No,No,6.3,1,11,0.6,0.4,35.7,1.1,0.6
Zica-20230518-233391,2023-05-24T16:36:17Z,Variant,No,None,0,No,No,No,5.2,1,8,0.7,0.4,28.6,1,1.6
Zica-20230518-233391,2023-05-24T21:48:27Z,Typical,No,None,0,No,No,No,2.9,1.5,4,0.3,0.2,43.8,1,2.6
Zica-20230518-233391,2023-05-25T00:41:53Z,Typical,No,None,0,No,No,No,2.4,1.3,3,0.3,0.1,46.6,1.4,0.7
Zica-20230518-233391,2023-05-25T03:03:32Z,Variant,No,None,0,No,Yes,No,2.6,1.5,3,0.4,0.1,8,1.3,1.8
Zica-20230518-233391,2023-05-25T05:40:10Z,Variant,No,None,0,No,No,No,2.1,1.2,2,0.2,0.5,36.2,1.4,1.5
Zica-20230518-233391,2023-05-25T07:45:33Z,Variant,No,None,0,No,No,No,2.6,1.4,2,0.3,0.2,41,1.6,2.2
Zica-20230518-233391,2023-05-25T10:23:54Z,Variant,No,None,0,No,No,No,6.9,1.1,12,0.8,0.4,37,1.6,2.6
Zica-20230518-233391,2023-05-25T17:17:21Z,Variant,No,None,0,No,No,No,2.1,1.1,2,0.5,0.1,30.8,1.1,1
Zica-20230518-233391,2023-05-25T19:21:43Z,Variant,No,None,0,No,Yes,No,9.7,1.3,15,0.8,0.5,37.8,1.5,0.6
Zica-20230518-233391,2023-05-26T05:01:28Z,Variant,No,None,0,No,No,No,3,1,5,0.4,0.2,16,1.5,2.7
Zica-20230518-233391,2023-05-26T08:02:44Z,Variant,No,None,0,No,No,No,2.2,1.2,3,0.3,0.1,27.2,1.1,2.7
Zica-20230518-233391,2023-05-26T10:16:09Z,Variant,No,None,0,No,No,No,2.9,1.2,5,0.5,0.2,35.5,1.6,3.4
Zica-20230518-233391,2023-05-26T13:09:22Z,Typical,No,None,0,No,No,No,2.3,1.2,3,0.4,0.1,37.9,1.1,3
Zica-20230518-233391,2023-05-26T15:30:14Z,Typical,No,None,0,No,No,No,2.5,1.2,4,0.4,0.1,45.4,1.2,1.7
Zica-20230518-233391,2023-05-26T18:02:56Z,Typical,No,None,0,No,No,No,2.4,1.4,3,0.3,0.1,38,1.6,2.4
Zica-20230518-233391,2023-05-26T20:25:59Z,Typical,No,None,0,No,No,No,2.7,1.2,4,0.5,0.2,41.6,1.5,1.8
Zica-20230518-233391,2023-05-26T23:09:59Z,Variant,No,None,0,No,No,No,1.7,1.2,2,0.3,0.1,37.1,1.6,2.4
Zica-20230518-233391,2023-05-27T00:51:18Z,Typical,No,None,0,No,No,No,2.7,1.2,4,0.5,0.2,37.2,1.7,1.3
Zica-20230518-233391,2023-05-27T03:34:56Z,Variant,No,None,0,No,No,No,2.1,1.2,2,0.3,0.1,40.8,1.5,2.9
Zica-20230518-233391,2023-05-27T05:39:21Z,Variant,No,None,0,No,No,No,1.8,1,3,0.3,0.1,35.7,1.3,2.4
Zica-20230518-233391,2023-05-27T07:24:27Z,Variant,No,None,0,No,No,No,1.7,0.9,3,0.3,0.1,28.6,1.2,1.3
Zica-20230518-233391,2023-05-27T09:07:32Z,Variant,No,None,0,No,No,No,2.2,1.1,3,0.4,0.2,38.2,1.1,1.1
Zica-20230518-233391,2023-05-27T11:21:41Z,Variant,No,None,0,No,No,No,8,1.1,13,0.6,0.8,35.4,1,1.7
Zica-20230518-233391,2023-05-27T19:21:33Z,Variant,No,None,0,No,No,No,5.2,1.2,7,0.7,0.3,39.3,1.1,2.2
Zica-20230518-233391,2023-05-28T00:32:59Z,Variant,No,None,0,No,No,No,1.8,1.1,2,0.3,0.2,34.3,1.1,1.1
Zica-20230518-233391,2023-05-28T02:18:33Z,Variant,No,None,0,No,Yes,No,2.1,1.1,2,0.3,0.7,39.2,1.2,1.9
Zica-20230518-233391,2023-05-28T04:26:03Z,Variant,No,None,0,No,No,No,2.1,1.1,1,0.2,0.6,40.9,1.3,3.2
Zica-20230518-233391,2023-05-28T06:30:56Z,Typical,No,None,0,No,No,No,2.6,1.3,0,NA,0.3,39.8,1.6,1.9
Zica-20230518-233391,2023-05-28T09:06:35Z,Typical,No,None,0,No,Yes,No,2.4,1.1,1,0.3,0.3,35.7,1.6,1.8
Zica-20230518-233391,2023-05-28T11:29:08Z,Typical,No,None,0,No,No,No,3.2,1.3,6,0.4,0.2,39,1.6,0.6
Zica-20230518-233391,2023-05-28T14:42:46Z,Typical,No,None,0,No,No,No,3.5,1.4,5,0.5,0.2,36.5,1.6,1.2
Zica-20230518-233391,2023-05-28T18:12:41Z,Typical,No,None,0,No,Yes,No,3.9,1.5,5,0.6,0.2,39.5,1.6,0.6
Zica-20230518-233391,2023-05-28T22:06:39Z,Variant,No,None,0,No,Yes,No,6.2,1.3,10,0.6,0.3,34.9,1.6,1.1
Zica-20230518-233391,2023-05-29T04:19:43Z,Variant,No,None,0,No,No,No,1.6,1.3,1,0.3,0.1,45.2,1.5,3.5
Zica-20230518-233391,2023-05-29T05:57:31Z,Typical,No,None,0,No,No,No,3.2,1.1,5,0.6,0.2,25.1,1.6,1.1
Zica-20230518-233391,2023-05-29T09:11:45Z,Typical,No,None,0,No,No,No,NA,1.5,NA,NA,NA,35,1.8,NA
Zica-20230519-232950,2023-05-20T00:37:59Z,Typical,No,None,0,No,No,No,1.9,1.1,2,0.3,0.1,40.6,1.6,0.5
Zica-20230519-232950,2023-05-20T02:30:28Z,Typical,No,None,0,No,Yes,No,1.9,1,3,0.3,0.2,39.5,1.6,1
Zica-20230519-232950,2023-05-20T04:25:51Z,Typical,No,None,0,No,Yes,No,2.5,0.9,4,0.4,0.3,37,1.6,1.6
Zica-20230519-232950,2023-05-20T06:52:53Z,Typical,No,None,0,No,Yes,No,2.7,1,4,0.4,0.2,46.4,1.6,0.4
Zica-20230519-232950,2023-05-20T09:33:59Z,Variant,No,None,0,No,No,No,6.2,1.2,12,0.6,0.4,44.1,1.6,1.6
Zica-20230519-232950,2023-05-20T15:48:54Z,Typical,No,None,0,No,No,No,2.9,1.6,3,0.5,0.1,42.3,1.6,1.2
Zica-20230519-232950,2023-05-20T18:42:08Z,Typical,No,None,0,No,No,No,2.4,1.3,3,0.4,0.1,35.2,1.7,1.9
Zica-20230519-232950,2023-05-20T21:06:59Z,Typical,No,None,0,No,No,No,3.1,1.4,5,0.4,0.2,36.6,1.7,2
Zica-20230519-232950,2023-05-21T00:13:34Z,Typical,No,None,0,No,Yes,No,4.7,1.4,8,0.5,0.2,30.2,1.7,1.5
Zica-20230519-232950,2023-05-21T04:53:13Z,Typical,No,None,0,No,No,No,2.2,1.3,2,0.5,0.1,34.6,1.5,2.1
Zica-20230519-232950,2023-05-21T07:07:32Z,Typical,No,None,0,No,No,No,2.3,1.2,3,0.3,0.2,26.6,1.1,1.2
Zica-20230519-232950,2023-05-21T09:25:42Z,Variant,No,None,0,No,Yes,No,2.1,1,3,0.3,0.2,22.6,1.1,2.7
Zica-20230519-232950,2023-05-21T11:32:39Z,Typical,No,None,0,No,No,No,3.1,1.2,5,0.4,0.2,22.5,1.1,1.5
Zica-20230519-232950,2023-05-21T14:39:09Z,Typical,No,None,0,No,No,No,2.7,1.1,4,0.4,0.2,30.4,1.1,1.1
Zica-20230519-232950,2023-05-21T17:19:05Z,Typical,No,None,0,No,No,No,4.5,1.8,7,0.4,0.3,61.9,1.1,0.5
Zica-20230519-232950,2023-05-21T21:46:17Z,Typical,No,None,0,No,Yes,No,2.9,1.2,5,0.3,0.2,34,1.1,2.1
Zica-20230519-232950,2023-05-22T00:39:26Z,Variant,No,None,0,No,No,No,2.2,1.1,3,0.3,0.2,30.2,1.2,3
Zica-20230519-232950,2023-05-22T02:48:48Z,Variant,No,None,0,No,Yes,No,2,1,1,0.4,0.5,27,1.8,1.7
Zica-20230519-232950,2023-05-22T04:46:08Z,Variant,No,None,0,No,No,No,1.6,1,1,0.1,0.3,37.2,1.1,1.8
Zica-20230519-232950,2023-05-22T06:24:23Z,Variant,No,None,0,No,No,No,2,1,2,0.4,0.3,32.9,1.2,3.1
Zica-20230519-232950,2023-05-22T08:26:35Z,Variant,No,None,0,No,Yes,No,2,0.9,3,0.3,0.2,35.7,1.2,1.8
Zica-20230519-232950,2023-05-22T10:29:26Z,Variant,No,None,0,No,No,No,1.5,0.9,2,0.3,0.2,32.1,1.2,1.3
Zica-20230519-232950,2023-05-22T11:57:04Z,Typical,No,None,0,No,No,No,3.2,1.1,5,0.4,0.2,30.9,1.1,1.7
Zica-20230519-232950,2023-05-22T15:06:14Z,Typical,No,None,0,No,No,No,2.2,1.1,3,0.4,0.2,38.1,1.1,0.7
Zica-20230519-232950,2023-05-22T17:21:10Z,Typical,No,None,0,No,No,No,1.8,1,2,0.4,0.1,39.1,1.1,1.5
Zica-20230519-232950,2023-05-22T19:07:46Z,Typical,No,None,0,No,No,No,4.4,1.1,7,0.6,0.3,26.8,1.1,2.1
Zica-20230519-232950,2023-05-22T23:34:18Z,Typical,No,None,0,No,No,No,2.4,1.3,3,0.4,0.1,33.7,1.5,2.4
Zica-20230519-232950,2023-05-23T02:00:10Z,Typical,No,None,0,No,Yes,No,3.4,1.4,6,0.4,0.2,31.4,1.7,2.3
Zica-20230519-232950,2023-05-23T05:22:57Z,Typical,No,None,0,No,No,No,2.6,1.2,4,0.3,0.2,34.7,1.7,0.4
Zica-20230519-232950,2023-05-23T07:59:25Z,Typical,No,None,0,No,No,No,2.5,1.4,3,0.3,0.2,38.1,1.7,0.4
Zica-20230519-232950,2023-05-23T10:31:22Z,Typical,No,None,0,No,No,No,3.9,1.2,6,0.6,0.2,39.1,1.7,1.3
Zica-20230519-232950,2023-05-23T14:27:41Z,Typical,No,93.4,105.5,Yes,No,No,3.3,1.2,5,0.6,0.2,26.9,1.6,1.9
Zica-20230519-232950,2023-05-23T17:43:16Z,Variant,No,None,0,Yes,No,No,3.7,1,9,0.4,0.3,25.3,1.6,4.1
Zica-20230519-232950,2023-05-23T21:28:13Z,Variant,No,None,0,No,No,No,1.8,1.2,2,0.2,0.1,36.6,1.3,2.1
Zica-20230519-232950,2023-05-23T23:17:16Z,Typical,No,None,0,Yes,No,No,2.7,1.1,4,0.4,0.2,31.5,1.1,1.2
Zica-20230519-232950,2023-05-24T01:57:07Z,Variant,No,151.1,160.3,Yes,Yes,No,7.9,2.8,9,1.4,0.6,27.7,1.5,1.2
Zica-20230519-232950,2023-05-24T09:54:01Z,Variant,No,None,0,No,No,No,2.2,0.9,1,0.3,0.4,12.6,1.2,2
Zica-20230519-232950,2023-05-24T12:08:56Z,Typical,No,None,0,No,Yes,No,3,1.2,4,0.4,0.3,28.5,1.1,1.1
Zica-20230519-232950,2023-05-24T15:09:39Z,Typical,No,None,0,No,Yes,No,4.5,1.4,7,0.5,0.3,36.4,1,1.8
Zica-20230519-232950,2023-05-24T19:37:31Z,Typical,No,None,0,No,No,No,3.6,1.5,6,0.4,0.2,31.1,1.4,1.8
Zica-20230519-232950,2023-05-24T23:14:07Z,Typical,No,None,0,No,No,No,3.7,1.5,5,0.5,0.2,34.3,1.4,0.9
Zica-20230519-232950,2023-05-25T02:58:47Z,Typical,No,None,0,No,Yes,No,3.6,1.3,5,0.7,0.2,27.9,1.4,2.1
Zica-20230519-232950,2023-05-25T06:34:51Z,Typical,No,None,0,No,No,No,3.5,1.5,5,0.5,0.2,33,1.4,0.3
Zica-20230519-232950,2023-05-25T10:03:05Z,Typical,No,None,0,No,No,No,2.3,1.2,3,0.4,0.1,31.9,1.4,1.4
Zica-20230519-232950,2023-05-25T12:23:41Z,Typical,No,None,0,No,No,No,2.2,1.1,3,0.4,0.1,25.3,1.4,2
Zica-20230519-232950,2023-05-25T14:36:01Z,Typical,No,None,0,No,No,No,3.2,1.3,5,0.4,0.2,38.6,1.4,0.6
Zica-20230519-232950,2023-05-25T17:50:11Z,Typical,No,None,0,No,No,No,3.2,1.3,5,0.4,0.2,35.4,1.4,0.7
Zica-20230519-232950,2023-05-25T21:04:11Z,Typical,No,None,0,No,No,No,3,1.3,4,0.5,0.2,41.1,1.5,1.7
Zica-20230519-232950,2023-05-26T00:02:08Z,Typical,No,None,0,No,No,No,4.7,1.3,8,0.5,0.3,36.1,1.4,2.7
Zica-20230519-232950,2023-05-26T04:44:21Z,Typical,No,None,0,No,No,No,2.5,1.2,2,0.4,0.3,15,1,2.3
Zica-20230519-232950,2023-05-26T07:12:40Z,Variant,No,None,0,No,No,No,1.4,1.1,1,0.2,0.1,28.2,1,2.9
Zica-20230519-232950,2023-05-26T08:34:53Z,Variant,No,None,0,Yes,No,No,5.5,1.1,12,0.5,0.5,25.2,1.1,1.8
Zica-20230519-232950,2023-05-26T14:04:58Z,Variant,No,None,0,No,No,No,3.7,1.1,6,0.5,0.2,26,1,3
Zica-20230519-232950,2023-05-26T17:46:30Z,Typical,No,None,0,No,No,No,3.9,1.1,6,0.5,0.3,26.4,1.1,2.3
Zica-20230519-232950,2023-05-26T21:42:38Z,Typical,No,None,0,No,No,No,2.8,1.3,4,0.4,0.1,37.5,0.9,2.5
Zica-20230519-232950,2023-05-27T00:28:38Z,Typical,No,None,0,No,No,No,4.6,1.8,8,0.4,0.2,39.3,1.1,1.8
Zica-20230519-232950,2023-05-27T05:06:03Z,Typical,No,None,0,No,No,No,3.1,1.5,4,0.3,0.2,35.8,1.5,1.8
Zica-20230519-232950,2023-05-27T08:10:54Z,Typical,No,None,0,No,Yes,No,2.8,1.4,4,0.4,0.3,49.7,1.5,2.7
Zica-20230519-232950,2023-05-27T11:01:21Z,Typical,No,None,0,No,No,No,3.3,1.4,5,0.4,0.2,42.3,1.6,1.8
Zica-20230519-232950,2023-05-27T14:22:16Z,Typical,No,None,0,No,No,No,4,1.4,6,0.5,0.2,40.7,1.6,0.4
Zica-20230519-232950,2023-05-27T18:19:41Z,Typical,No,None,0,No,Yes,No,2.9,1.4,4,0.4,0.2,41.8,1.5,2
Zica-20230519-232950,2023-05-27T21:14:40Z,Typical,No,None,0,No,No,No,2.9,1.3,4,0.4,0.2,38.9,1.6,1.6
Zica-20230519-232950,2023-05-28T00:06:06Z,Typical,No,None,0,No,Yes,No,2.7,1.3,4,0.3,0.2,35.8,1.3,3.7
Zica-20230519-232950,2023-05-28T02:50:00Z,Typical,No,None,0,No,Yes,No,2.2,1,4,0.3,0.2,36.1,1.5,2.1
Zica-20230519-232950,2023-05-28T05:04:51Z,Typical,No,None,0,No,No,No,2.5,1.1,5,0.3,0.2,35.3,1.6,2
Zica-20230519-232950,2023-05-28T07:34:21Z,Variant,No,None,0,No,No,No,5,1.1,7,0.5,0.8,31.8,1.3,2.4
Zica-20230519-232950,2023-05-28T12:32:11Z,Typical,No,None,0,No,No,No,4.5,1.1,9,0.5,0.2,25.5,1.7,0.6
Zica-20230519-232950,2023-05-28T17:03:23Z,Typical,No,None,0,No,No,No,2.9,1,5,0.4,0.2,11.8,1.6,1.5
Zica-20230519-232950,2023-05-28T19:58:13Z,Typical,No,None,0,No,No,No,2.8,1.1,5,0.3,0.2,36.3,1.7,3.2
Zica-20230519-232950,2023-05-28T22:47:39Z,Typical,No,None,0,No,No,No,3.8,1.1,7,0.5,0.2,26.4,1.2,1.8
Zica-20230519-232950,2023-05-29T02:37:06Z,Typical,No,None,0,No,No,No,2.4,1,4,0.4,0.2,32,1,1.5
Zica-20230519-232950,2023-05-29T05:01:01Z,Variant,No,None,0,No,No,No,2,1,3,0.3,0.2,33.4,1,1.5
Zica-20230519-232950,2023-05-29T07:01:29Z,Variant,No,None,0,No,No,No,2.6,0.9,5,0.4,0.3,29.3,0.9,2.1
Zica-20230519-232950,2023-05-29T09:38:12Z,Variant,No,None,0,No,No,No,2.1,1,4,0.3,0.2,31.3,0.9,2.7
Zica-20230519-232950,2023-05-29T11:46:44Z,Variant,No,None,0,No,No,No,3.3,1.2,6,0.4,0.2,27.1,1.1,3.4
Zica-20230519-232950,2023-05-29T15:04:10Z,Typical,No,None,0,No,No,No,2.1,1.1,3,0.3,0.1,28.6,0.9,0.1
Zica-20230519-232950,2023-05-29T17:10:26Z,Typical,No,None,0,No,No,No,2.2,1.1,3,0.4,0.1,29.7,0.9,2.2
Zica-20230519-232950,2023-05-29T19:25:01Z,Typical,No,None,0,No,No,No,3.1,1.3,5,0.4,0.2,37.9,1.1,0.5
Zica-20230519-232950,2023-05-29T22:31:14Z,Typical,No,None,0,No,No,No,3,1.1,5,0.4,0.2,32.7,1.1,0.5
Zica-20230519-232950,2023-05-30T01:34:08Z,Typical,No,None,0,No,No,No,NA,1.3,NA,NA,NA,33.9,1.1,NA
Zica-20230723-233394,2023-07-23T20:46:59Z,Typical,Yes,123.8,135.2,No,No,No,2.7,1.2,3,0.5,0.2,32.2,1.6,2.6
Zica-20230723-233394,2023-07-23T23:26:19Z,Typical,No,None,0,No,No,No,4.1,1.7,6,0.5,0.3,42.2,1.6,0.4
Zica-20230723-233394,2023-07-24T03:34:14Z,Variant,Yes,121.5,126.3,No,Yes,No,1.8,1.5,1,0.2,0.1,32.3,1.6,1.9
Zica-20230723-233394,2023-07-24T05:22:59Z,Typical,No,None,0,No,Yes,No,2.5,1.1,3,0.5,0.2,31.5,1.2,1
Zica-20230723-233394,2023-07-24T07:53:01Z,Variant,No,None,0,No,No,No,1.3,1.1,1,0.1,0.1,36.1,1.2,2
Zica-20230723-233394,2023-07-24T09:10:45Z,Variant,No,None,0,No,No,No,2.2,0.9,1,0.6,0.2,29.4,1.2,1.1
Zica-20230723-233394,2023-07-24T11:25:24Z,Variant,No,None,0,No,No,No,4.3,0.9,10,0.5,0.4,25.3,1,0.1
Zica-20230723-233394,2023-07-24T15:43:01Z,Variant,No,None,0,No,No,No,4.7,1.2,9,0.5,0.4,25.9,1.1,0.3
Zica-20230723-233394,2023-07-24T20:27:19Z,Typical,No,None,0,No,No,No,3.1,1.1,5,0.4,0.2,22.9,1,1.3
Zica-20230723-233394,2023-07-24T23:34:28Z,Typical,No,88.5,91.5,No,No,No,3.6,1.1,6,0.4,0.2,27.6,1,0.6
Zica-20230723-233394,2023-07-25T03:07:29Z,Typical,Yes,121.2,121.8,No,Yes,No,2.5,1.1,4,0.3,0.2,35.1,1.2,0.3
Zica-20230723-233394,2023-07-25T05:36:03Z,Typical,No,None,0,No,Yes,No,3.2,1.1,6,0.4,0.3,37.8,1.1,0.6
Zica-20230723-233394,2023-07-25T08:45:16Z,Typical,No,None,0,No,Yes,No,2.9,1.1,4,0.3,0.2,36.8,1.4,0.1
Zica-20230723-233394,2023-07-25T11:37:13Z,Typical,No,None,0,No,No,No,3.7,1.2,6,0.4,0.2,33.5,1.2,0.7
Zica-20230723-233394,2023-07-25T15:21:43Z,Typical,No,104.9,109.6,No,Yes,No,3.1,1.1,4,0.5,0.2,34.8,1.1,0.3
Zica-20230723-233394,2023-07-25T18:26:05Z,Typical,Yes,122.5,132.9,No,Yes,No,4.4,1.2,7,0.5,0.3,35,1,0.6
Zica-20230723-233394,2023-07-25T22:47:23Z,Typical,Yes,120.9,120.7,No,No,No,4.1,1.2,7,0.5,0.2,33.1,1,1.1
Zica-20230723-233394,2023-07-26T02:52:09Z,Typical,No,None,0,No,Yes,No,2.4,1.2,3,0.4,0.2,40.1,0.9,2.2
Zica-20230723-233394,2023-07-26T05:16:34Z,Typical,No,None,0,No,No,No,2.9,1.1,5,0.5,0.2,35.8,1.2,0.9
Zica-20230723-233394,2023-07-26T08:13:22Z,Typical,No,None,0,No,No,No,NA,1.1,NA,NA,NA,38.6,1.1,NA
Zica-20230723-233395,2023-07-23T20:45:43Z,Typical,Yes,126.8,125.4,No,No,No,2.9,1.3,3,0.6,0.2,37.2,NA,1.4
Zica-20230723-233395,2023-07-23T23:41:51Z,Typical,No,None,0,No,No,No,3.3,1.3,4,0.5,0.2,33.8,NA,1.5
Zica-20230723-233395,2023-07-24T03:00:46Z,Typical,Yes,114.8,120.4,No,Yes,No,2.4,1.1,3,0.5,0.2,38,NA,2
Zica-20230723-233395,2023-07-24T05:23:13Z,Typical,No,None,0,No,Yes,No,3,1.2,3,0.7,0.2,38.2,NA,2.4
Zica-20230723-233395,2023-07-24T08:25:59Z,Typical,No,None,0,No,Yes,No,3.1,1.1,5,0.4,0.3,32,NA,0.5
Zica-20230723-233395,2023-07-24T11:32:31Z,Typical,No,None,0,Yes,No,No,3.7,1,5,0.5,0.2,36.6,NA,0.4
Zica-20230723-233395,2023-07-24T15:16:15Z,Typical,No,None,0,No,No,No,2.6,1.1,4,0.4,0.2,44.9,NA,1.8
Zica-20230723-233395,2023-07-24T17:51:45Z,Typical,No,None,0,No,No,No,1.8,0.9,2,0.4,0.1,31.1,NA,0.7
Zica-20230723-233395,2023-07-24T19:38:58Z,Typical,No,67,0,No,No,No,3.7,1.1,6,0.4,0.2,36.8,NA,0.4
Zica-20230723-233395,2023-07-24T23:19:25Z,Typical,Yes,67,0,No,Yes,No,4.6,1.6,7,0.4,0.3,53.5,NA,0.5
Zica-20230723-233395,2023-07-25T03:58:24Z,Variant,Yes,109.6,115.1,No,Yes,No,3.5,1.2,3,0.9,0.2,40.4,NA,0.7
Zica-20230723-233395,2023-07-25T07:25:46Z,Typical,No,None,0,No,Yes,No,2.3,1.4,2,0.3,0.2,39.5,NA,1.3
Zica-20230723-233395,2023-07-25T09:45:14Z,Typical,No,None,0,No,Yes,No,2.3,1.2,3,0.4,0.2,39.5,NA,1.4
Zica-20230723-233395,2023-07-25T12:04:35Z,Typical,No,None,0,No,Yes,No,3.5,1.4,4,0.5,0.2,41.5,NA,1.6
Zica-20230723-233395,2023-07-25T15:34:14Z,Typical,No,124.9,120.9,No,No,No,2.5,1.1,3,0.5,0.2,29.5,NA,0.6
Zica-20230723-233395,2023-07-25T18:05:29Z,Variant,Yes,106.1,112.6,No,Yes,No,0.7,0.6,0,NA,0.1,13.6,NA,3.4
Zica-20230723-233395,2023-07-25T18:47:33Z,Variant,Yes,119.4,129.5,No,Yes,No,1.2,1.2,0,NA,0.1,32.8,NA,2.1
Zica-20230723-233395,2023-07-25T20:00:45Z,Variant,Yes,None,0,No,No,No,NA,0.8,NA,NA,NA,27.7,NA,NA
Zica-20240227-233396,2024-02-28T03:58:45Z,Variant,No,137,144.4,No,No,No,4.7,1.4,5,0.8,0.4,41.9,1.6,1.7
Zica-20240227-233396,2024-02-28T08:40:32Z,Typical,No,None,0,No,No,No,3.9,1.1,7,0.4,0.3,39.6,1.3,2.1
Zica-20240227-233396,2024-02-28T12:34:19Z,Typical,No,None,0,No,No,No,4,1.3,6,0.6,0.3,39,1.8,0.4
Zica-20240227-233396,2024-02-28T16:36:41Z,Typical,No,None,0,No,Yes,No,3.1,1.1,5,0.4,0.2,38.7,1.8,0.8
Zica-20240227-233396,2024-02-28T19:43:54Z,Typical,No,None,0,No,No,No,3.3,1.2,5,0.4,0.2,38.8,1.8,1
Zica-20240227-233396,2024-02-28T22:59:08Z,Typical,No,None,0,No,No,No,4.6,1.2,8,0.5,0.4,38.6,1.8,1.6
Zica-20240227-233396,2024-02-29T03:32:51Z,Typical,No,None,0,No,Yes,No,2.6,1.1,5,0.3,0.2,40.5,1.8,1.2
Zica-20240227-233396,2024-02-29T06:10:52Z,Variant,No,None,0,No,No,No,5.9,0.9,11,0.6,0.5,33.5,1.7,1.3
Zica-20240227-233396,2024-02-29T12:02:10Z,Typical,No,None,0,No,Yes,No,4.1,1.3,6,0.6,0.3,41.4,1.8,1.3
Zica-20240227-233396,2024-02-29T16:10:56Z,Typical,No,None,0,No,No,No,2.7,1.2,4,0.4,0.2,42.4,1.8,1.8
Zica-20240227-233396,2024-02-29T18:55:48Z,Typical,No,None,0,No,No,No,3.7,1.2,6,0.4,0.3,43.9,1.8,1.6
Zica-20240227-233396,2024-02-29T22:36:48Z,Typical,No,None,0,No,Yes,No,3.9,1.1,6,0.4,0.3,40.8,1.2,1.5
Zica-20240227-233396,2024-03-01T02:29:38Z,Typical,No,None,0,No,No,No,3.2,1,6,0.4,0.3,33.8,1.1,3
Zica-20240227-233396,2024-03-01T05:39:29Z,Typical,No,None,0,No,Yes,No,2.8,1,4,0.5,0.2,38.6,1.6,2.3
Zica-20240227-233396,2024-03-01T08:29:47Z,Typical,No,None,0,No,No,No,3.4,1.1,5,0.4,0.3,37.3,1.7,2
Zica-20240227-233396,2024-03-01T11:51:13Z,Typical,No,None,0,No,No,No,4.2,1.1,7,0.5,0.3,38.4,1.1,1.6
Zica-20240227-233396,2024-03-01T16:01:46Z,Typical,No,None,0,No,No,No,2.9,1.2,4,0.4,0.2,41.6,1.1,1.2
Zica-20240227-233396,2024-03-01T18:56:32Z,Typical,No,None,0,No,No,No,4.2,1.2,7,0.4,0.3,38.7,1.6,1.4
Zica-20240227-233396,2024-03-01T23:05:59Z,Typical,No,None,0,No,No,No,4.2,1.3,7,0.4,0.3,38.9,1.7,3
Zica-20240227-233396,2024-03-02T03:18:08Z,Typical,No,None,0,No,No,No,2.8,1.3,2,0.3,0.3,41.3,1.7,0.8
Zica-20240227-233396,2024-03-02T06:03:32Z,Variant,No,None,0,No,No,No,2.9,1,2,0.3,1.1,41.6,1.7,1.7
Zica-20240227-233396,2024-03-02T08:54:46Z,Typical,No,None,0,No,No,No,3.4,1,5,0.4,0.5,39.3,1.8,1.7
Zica-20240227-233396,2024-03-02T12:18:15Z,Typical,No,None,0,No,No,No,4.7,0.9,9,0.5,0.4,25.4,1.1,1.1
Zica-20240227-233396,2024-03-02T17:00:08Z,Typical,No,None,0,No,No,No,2.9,1.1,5,0.5,0.2,34.8,1.1,0.7
Zica-20240227-233396,2024-03-02T19:51:19Z,Typical,No,None,0,No,No,No,3.7,1.2,6,0.4,0.3,39,1.8,2.5
Zica-20240227-233396,2024-03-02T23:32:04Z,Typical,No,None,0,No,No,No,2.6,1.1,4,0.4,0.2,37.5,1.8,0.5
Zica-20240227-233396,2024-03-03T02:10:43Z,Typical,No,None,0,No,No,No,3.4,1.5,4,0.3,0.3,34.7,1.1,0.9
Zica-20240227-233396,2024-03-03T05:32:14Z,Variant,No,None,0,No,No,No,2.5,1,1,0.4,0.7,38,1.7,1.9
Zica-20240227-233396,2024-03-03T08:04:10Z,Variant,No,None,0,No,No,No,1.9,1,0,NA,0.8,33.3,1.6,3.5
Zica-20240227-233396,2024-03-03T09:57:09Z,Variant,No,None,0,No,No,No,3,1,2,0.4,1,29.6,1.7,0.5
Zica-20240227-233396,2024-03-03T12:58:13Z,Typical,No,None,0,No,No,No,3.3,1,5,0.4,0.3,32.7,1.7,1.7
Zica-20240227-233396,2024-03-03T16:18:50Z,Typical,No,None,0,No,No,No,2.9,1.1,4,0.4,0.3,44.6,1.2,1.3
Zica-20240227-233396,2024-03-03T19:11:13Z,Typical,No,None,0,No,No,No,3.2,1.2,5,0.4,0.3,42.9,1,2.7
Zica-20240227-233396,2024-03-03T22:23:04Z,Typical,No,67,0,No,No,No,3.7,1.2,7,0.4,0.3,45.3,1.1,1.8
Zica-20240227-233396,2024-03-04T02:04:37Z,Variant,No,None,0,No,No,No,2.1,0.9,1,0.4,0.7,34.1,1.4,1.7
Zica-20240227-233396,2024-03-04T04:10:40Z,Variant,Yes,110.8,116.9,No,No,No,2.2,0.9,1,0.3,0.8,33.4,1.7,1.6
Zica-20240227-233396,2024-03-04T06:24:27Z,Variant,No,None,0,No,No,No,2,1,1,0.3,0.3,35.3,1.7,2.1
Zica-20240227-233396,2024-03-04T08:22:19Z,Variant,No,None,0,No,No,No,2.5,0.9,2,0.4,0.8,32.2,1.7,3.6
Zica-20240227-233396,2024-03-04T10:53:02Z,Variant,No,None,0,No,Yes,No,2.4,1,3,0.3,0.4,35.2,1.7,3.3
Zica-20240227-233396,2024-03-04T13:19:25Z,Typical,No,None,0,No,No,No,3.1,0.9,5,0.5,0.3,21.7,1.1,2.6
Zica-20240227-233396,2024-03-04T16:28:10Z,Typical,No,None,0,No,No,No,3,1.2,5,0.4,0.2,41.5,1.1,1.6
Zica-20240227-233396,2024-03-04T19:25:24Z,Typical,No,None,0,No,No,No,3.2,1.1,5,0.4,0.3,39.5,1.1,1
Zica-20240227-233396,2024-03-04T22:38:00Z,Typical,No,None,0,No,No,No,3.8,1.2,6,0.4,0.3,46.7,1.1,0.7
Zica-20240227-233396,2024-03-05T02:24:28Z,Variant,No,None,0,No,No,No,2.3,1.3,1,0.2,0.6,42.6,1.5,2.7
Zica-20240227-233396,2024-03-05T04:42:11Z,Variant,No,None,0,No,No,No,2,0.9,1,0.3,0.6,27.4,1.1,1.5
Zica-20240227-233396,2024-03-05T06:42:20Z,Variant,No,None,0,No,No,No,2.6,1,1,0.5,0.5,30.7,1,1.6
Zica-20240227-233396,2024-03-05T09:15:57Z,Variant,No,None,0,No,No,No,3.6,0.8,5,0.4,0.6,28.7,1,2.2
Zica-20240227-233396,2024-03-05T12:51:24Z,Typical,No,None,0,Yes,Yes,No,4.4,1.2,6,0.6,0.3,28,1.6,1.1
Zica-20240227-233396,2024-03-05T17:14:39Z,Typical,No,119,112.8,No,No,No,5.1,1.3,7,0.6,0.4,42.3,1,1.1
Zica-20240227-233396,2024-03-05T22:20:46Z,Variant,Yes,148,155.8,No,No,No,6.6,1,10,0.9,0.6,3.8,0.9,2.1
Zica-20240227-233396,2024-03-06T04:56:40Z,Variant,No,150.3,151.5,Yes,No,No,5.3,0.8,7,0.8,0.5,20,0.7,0.1
Zica-20240227-233396,2024-03-06T10:14:32Z,Variant,No,None,0,No,No,No,2.2,0.8,3,0.5,0.2,12.4,0.7,3.6
Zica-20240227-233396,2024-03-06T12:28:43Z,Typical,No,None,0,No,No,No,4.6,1.2,6,0.6,0.3,27.9,1.1,2.7
Zica-20240227-233396,2024-03-06T17:04:26Z,Typical,No,None,0,No,No,No,3.7,1.5,5,0.5,0.3,48.3,1.3,2.6
Zica-20240227-233396,2024-03-06T20:46:40Z,Typical,No,None,0,No,No,No,2.5,1,4,0.4,0.2,31.7,1.1,2.2
Zica-20240227-233396,2024-03-06T23:16:40Z,Typical,Yes,105.3,112.3,No,No,No,2.9,1.2,4,0.4,0.2,39.4,1.2,1.4
Zica-20240227-233396,2024-03-07T02:08:41Z,Variant,No,None,0,No,No,No,2.2,0.9,2,0.3,0.8,35.1,1.3,0.7
Zica-20240227-233396,2024-03-07T04:18:17Z,Typical,No,None,0,No,No,No,2.8,1.1,3,0.5,0.3,37.1,1.3,1.4
Zica-20240227-233396,2024-03-07T07:06:11Z,Variant,No,None,0,No,No,No,2.6,0.9,2,0.3,1,37.5,1.5,5
Zica-20240227-233396,2024-03-07T09:40:26Z,Variant,No,None,0,No,No,No,2.7,1,2,0.3,0.9,33.5,1.7,3.2
Zica-20240227-233396,2024-03-07T12:20:10Z,Typical,No,None,0,No,No,No,3.4,1,6,0.4,0.3,33.6,1,1.9
Zica-20240227-233396,2024-03-07T15:41:51Z,Typical,No,None,0,No,No,No,3.3,1.1,5,0.4,0.3,33,1.7,1.7
Zica-20240227-233396,2024-03-07T18:57:59Z,Typical,No,None,0,No,No,No,4,1.2,9,0.3,0.4,37.2,1.7,0.5
Zica-20240227-233396,2024-03-07T22:57:57Z,Typical,No,117.9,123.4,No,No,No,3.5,1.1,6,0.4,0.3,34,1,1.9
Zica-20240227-233396,2024-03-08T02:29:58Z,Variant,No,None,0,No,No,No,2.8,1,3,0.3,0.6,31.7,1.7,1
Zica-20240227-233396,2024-03-08T05:20:21Z,Variant,No,None,0,No,No,No,NA,0.7,NA,NA,NA,18.1,1,NA
Zica-20240227-240128,2024-02-27T23:11:18Z,Typical,No,None,0,No,No,No,2.9,1.5,4,0.4,0.2,36.3,1.4,2.2
Zica-20240227-240128,2024-02-28T02:05:33Z,Typical,No,None,0,No,No,No,2.4,1.3,3,0.4,0.1,35.7,1.5,1.9
Zica-20240227-240128,2024-02-28T04:28:44Z,Typical,No,138.4,141.2,No,No,No,4.3,1.2,7,0.5,0.3,37.6,1,3.2
Zica-20240227-240128,2024-02-28T08:47:14Z,Typical,No,None,0,No,No,No,3.7,1,6,0.5,0.2,26.9,0.9,2.4
Zica-20240227-240128,2024-02-28T12:28:20Z,Typical,No,None,0,No,No,No,3.6,1.2,5,0.5,0.2,43.2,0.9,1.3
Zica-20240227-240128,2024-02-28T16:01:33Z,Typical,No,None,0,No,No,No,4,1.1,6,0.5,0.2,34.6,1,1
Zica-20240227-240128,2024-02-28T20:00:27Z,Typical,No,None,0,No,No,No,4.4,1.5,7,0.5,0.2,43.9,1.3,1
Zica-20240227-240128,2024-02-29T00:23:31Z,Typical,No,None,0,No,No,No,3.6,1.5,6,0.4,0.2,41.1,1.2,0.4
Zica-20240227-240128,2024-02-29T04:00:20Z,Typical,No,None,0,No,No,No,3,1.1,5,0.4,0.2,39.2,0.9,1.3
Zica-20240227-240128,2024-02-29T06:58:59Z,Typical,No,None,0,No,No,No,3.2,1.2,6,0.4,0.2,39.7,1.2,1
Zica-20240227-240128,2024-02-29T10:11:45Z,Typical,No,None,0,No,No,No,6,1.2,11,0.5,0.4,35.2,0.9,0.3
Zica-20240227-240128,2024-02-29T16:11:55Z,Typical,No,None,0,No,No,No,3.9,1.5,5,0.5,0.2,43.6,1.1,0.9
Zica-20240227-240128,2024-02-29T20:06:57Z,Typical,No,None,0,No,No,No,4.1,1.3,6,0.5,0.2,35.3,1,0.4
Zica-20240227-240128,2024-03-01T00:15:25Z,Typical,No,None,0,No,No,No,3,1.5,3,0.5,0.2,44.4,1,0.9
Zica-20240227-240128,2024-03-01T03:18:15Z,Typical,No,None,0,No,No,No,3,1.3,5,0.4,0.2,43.1,1.1,1.2
Zica-20240227-240128,2024-03-01T06:21:11Z,Typical,No,None,0,No,No,No,4.4,1.3,8,0.4,0.3,41.1,1,0.6
Zica-20240227-240128,2024-03-01T10:47:12Z,Typical,No,None,0,No,No,No,3.4,1.2,5,0.4,0.2,36.1,0.9,0.5
Zica-20240227-240128,2024-03-01T14:12:14Z,Typical,No,None,0,No,No,No,3.5,1.5,4,0.5,0.2,40.5,1,1.3
Zica-20240227-240128,2024-03-01T17:39:46Z,Typical,No,None,0,No,No,No,3.6,1.5,5,0.4,0.2,37.7,1.1,2
Zica-20240227-240128,2024-03-01T21:12:54Z,Typical,No,None,0,No,No,No,3.5,1.3,5,0.4,0.2,35.6,0.9,0.5
Zica-20240227-240128,2024-03-02T00:42:37Z,Typical,No,None,0,No,No,No,2.9,1.1,5,0.4,0.2,37.7,0.9,2.4
Zica-20240227-240128,2024-03-02T03:39:15Z,Variant,No,None,0,No,No,No,1.2,0.6,2,0.3,0.1,13.7,0.8,3.2
Zica-20240227-240128,2024-03-02T04:49:01Z,Typical,No,None,0,No,No,No,2.3,1.2,2,0.4,0.3,48.7,0.9,1.7
Zica-20240227-240128,2024-03-02T07:05:07Z,Typical,No,None,0,No,No,No,2.1,1.2,3,0.3,0.3,46.3,1.1,2.4
Zica-20240227-240128,2024-03-02T09:11:52Z,Typical,No,None,0,No,No,No,2.5,1.2,3,0.4,0.2,36.9,1.1,1.1
Zica-20240227-240128,2024-03-02T11:41:18Z,Typical,No,None,0,No,No,No,3.4,1.1,6,0.4,0.3,37,1.2,1.3
Zica-20240227-240128,2024-03-02T15:05:51Z,Typical,No,None,0,No,No,No,3.2,1.3,4,0.5,0.2,42,1.1,1.3
Zica-20240227-240128,2024-03-02T18:17:34Z,Variant,No,None,0,No,No,No,NA,1,NA,NA,NA,24.7,0.8,NA
